metric,judge,antigravity
Средний балл,4.671612903225806,2.7781350482315115
Медиана,4.8,2.0
Мин,2.8,1.0
Макс,5.0,5.0
Std,0.358936732344985,1.3532414112740614
Корреляция,-,0.2868
