,mean,median,min,max,std
judge_relevance,4.829032258064516,5.0,2.0,5.0,0.4688991089355794
judge_completeness,4.629032258064516,5.0,2.0,5.0,0.6691024507285385
judge_helpfulness,4.77741935483871,5.0,2.0,5.0,0.5076818802493969
judge_clarity,4.987096774193549,5.0,4.0,5.0,0.11303960265984561
judge_overall_score,4.671612903225806,4.8,2.8,5.0,0.358936732344985
time_total_sec,23.15891961414791,24.031,1.409,35.645,5.901923095822339
num_hits,3.414790996784566,3.0,0.0,9.0,1.886703868770828
judge_hallucination_risk,4.135483870967742,4.0,2.0,5.0,0.6393505944213307
