{
  "total_samples": 36,
  "total_time_sec": 206.66354513168335,
  "avg_time_sec": 5.740654031435649,
  "avg_retrieval_time_sec": 2.727059543132782,
  "avg_generation_time_sec": 1.7978748348024156,
  "avg_llm_judge_time_sec": 1.2154531677563984,
  "avg_confidence": 0.7111111111111111,
  "clarification_count": 0,
  "avg_queries_per_request": 3.0,
  "avg_sources_per_request": 4.444444444444445,
  "llm_judge_enabled": true,
  "llm_evaluated_count": 36,
  "avg_relevance_score": 4.194444444444445,
  "avg_completeness_score": 3.9166666666666665,
  "avg_helpfulness_score": 4.0,
  "avg_clarity_score": 4.583333333333333,
  "avg_hallucination_risk": 4.361111111111111,
  "avg_llm_overall_score": 4.211111111111111
}